Title,Price,Availability,Rating
It's Only the Himalayas,Â£45.17,In stock,2
Full Moon over Noahâs Ark: An Odyssey to Mount Ararat and Beyond,Â£49.43,In stock,4
See America: A Celebration of Our National Parks & Treasured Sites,Â£48.87,In stock,3
Vagabonding: An Uncommon Guide to the Art of Long-Term World Travel,Â£36.94,In stock,2
Under the Tuscan Sun,Â£37.33,In stock,3
A Summer In Europe,Â£44.34,In stock,2
The Great Railway Bazaar,Â£30.54,In stock,1
A Year in Provence (Provence #1),Â£56.88,In stock,4
The Road to Little Dribbling: Adventures of an American in Britain (Notes From a Small Island #2),Â£23.21,In stock,1
Neither Here nor There: Travels in Europe,Â£38.95,In stock,3
"1,000 Places to See Before You Die",Â£26.08,In stock,5
Sharp Objects,Â£47.82,In stock,4
"In a Dark, Dark Wood",Â£19.63,In stock,1
The Past Never Ends,Â£56.50,In stock,4
A Murder in Time,Â£16.64,In stock,1
The Murder of Roger Ackroyd (Hercule Poirot #4),Â£44.10,In stock,4
The Last Mile (Amos Decker #2),Â£54.21,In stock,2
That Darkness (Gardiner and Renner #1),Â£13.92,In stock,1
Tastes Like Fear (DI Marnie Rome #3),Â£10.69,In stock,1
A Time of Torment (Charlie Parker #14),Â£48.35,In stock,5
A Study in Scarlet (Sherlock Holmes #1),Â£16.73,In stock,2
Poisonous (Max Revere Novels #3),Â£26.80,In stock,3
Murder at the 42nd Street Library (Raymond Ambler #1),Â£54.36,In stock,4
Most Wanted,Â£35.28,In stock,3
Hide Away (Eve Duncan #20),Â£11.84,In stock,1
Boar Island (Anna Pigeon #19),Â£59.48,In stock,3
The Widow,Â£27.26,In stock,2
Playing with Fire,Â£13.71,In stock,3
What Happened on Beale Street (Secrets of the South Mysteries #2),Â£25.37,In stock,5
The Bachelor Girl's Guide to Murder (Herringford and Watts Mysteries #1),Â£52.30,In stock,5
Delivering the Truth (Quaker Midwife Mystery #1),Â£20.89,In stock,4
The Mysterious Affair at Styles (Hercule Poirot #1),Â£24.80,In stock,4
In the Woods (Dublin Murder Squad #1),Â£38.38,In stock,2
The Silkworm (Cormoran Strike #2),Â£23.05,In stock,5
The Exiled,Â£43.45,In stock,3
The Cuckoo's Calling (Cormoran Strike #1),Â£19.21,In stock,1
Extreme Prey (Lucas Davenport #26),Â£25.40,In stock,3
Career of Evil (Cormoran Strike #3),Â£24.72,In stock,2
The No. 1 Ladies' Detective Agency (No. 1 Ladies' Detective Agency #1),Â£57.70,In stock,4
The Girl You Lost,Â£12.29,In stock,5
The Girl In The Ice (DCI Erika Foster #1),Â£15.85,In stock,3
Blood Defense (Samantha Brinkman #1),Â£20.30,In stock,3
1st to Die (Women's Murder Club #1),Â£53.98,In stock,1
Tipping the Velvet,Â£53.74,In stock,1
Forever and Forever: The Courtship of Henry Longfellow and Fanny Appleton,Â£29.69,In stock,3
A Flight of Arrows (The Pathfinders #2),Â£55.53,In stock,5
The House by the Lake,Â£36.95,In stock,1
Mrs. Houdini,Â£30.25,In stock,5
The Marriage of Opposites,Â£28.08,In stock,4
Glory over Everything: Beyond The Kitchen House,Â£45.84,In stock,3
"Love, Lies and Spies",Â£20.55,In stock,2
A Paris Apartment,Â£39.01,In stock,4
Lilac Girls,Â£17.28,In stock,2
The Constant Princess (The Tudor Court #1),Â£16.62,In stock,3
The Invention of Wings,Â£37.34,In stock,1
World Without End (The Pillars of the Earth #2),Â£32.97,In stock,4
The Passion of Dolssa,Â£28.32,In stock,5
Girl With a Pearl Earring,Â£26.77,In stock,1
Voyager (Outlander #3),Â£21.07,In stock,5
The Red Tent,Â£35.66,In stock,5
The Last Painting of Sara de Vos,Â£55.55,In stock,2
The Guernsey Literary and Potato Peel Pie Society,Â£49.53,In stock,1
Girl in the Blue Coat,Â£46.83,In stock,2
Between Shades of Gray,Â£20.79,In stock,5
While You Were Mine,Â£41.32,In stock,5
The Secret Healer,Â£34.56,In stock,3
Starlark,Â£25.83,In stock,3
Lost Among the Living,Â£27.70,In stock,4
A Spy's Devotion (The Regency Spies of London #1),Â£16.97,In stock,5
